apartment name,rating
Parkridge Apartments,4.3(32) · Apartment complex
"1900 The Loft, LLC",4.3(40) · Apartment building
Valley Plaza Apartments,4.2(54) · Apartment complex
Terraces at Northridge,4.2(79) · Apartment complex
LIV Cleveland,4.0(30) · Apartment rental agency
The Creswell,4.0(7) · Apartment building
Upstairs at Van Aken,4.3(27) · Apartment complex
The Condominiums at Stonebridge,4.3(60) · Condominium complex
Crittenden Court Apartments,4.0(34) · Apartment complex
The Abbey Townhomes and Flats,4.1(9) · Apartment building
Domain at Cleveland,4.0(106) · Student housing center
Kensington Place Apartments,4.1(38) · Apartment complex
The Bradley Building,4.4(9) · Apartment complex
The Milton Townhomes,4.0(4) · Apartment complex
The Schofield Residences,4.1(9) · Apartment complex
The Lofts at Lion Mills,4.0(1) · Apartment building
The Apartments at Nautica,4.0(22) · Apartment complex
Skyline Tower Senior Apartments,4.2(22) · Apartment complex
Cleveland Apartments,4.4(8) · Apartment complex
Bohn Tower,4.1(11) · Apartment building
